sales_rep,country,product,date,total,boxes,month
Jehu Rudeforth,UK,Mint Chip Choco,04-Jan-22,5320,180,Jan
Van Tuxwell,India,85% Dark Bars,01-Aug-22,7896,94,Aug
Gigi Bohling,India,Peanut Butter Cubes,07-Jul-22,4501,91,Jul
Jan Morforth,Australia,Peanut Butter Cubes,27-Apr-22,12726,342,Apr
Jehu Rudeforth,UK,Peanut Butter Cubes,24-Feb-22,13685,184,Feb
Van Tuxwell,India,Smooth Sliky Salty,06-Jun-22,5376,38,Jun
Oby Sorrel,UK,99% Dark & Pure,25-Jan-22,13685,176,Jan
Gunar Cockshoot,Australia,After Nines,24-Mar-22,3080,73,Mar
Jehu Rudeforth,New Zealand,50% Dark Bites,20-Apr-22,3990,59,Apr
Brien Boise,Australia,99% Dark & Pure,04-Jul-22,2835,102,Jul
Rafaelita Blaksland,UK,Smooth Sliky Salty,13-Jan-22,4704,62,Jan
Barr Faughny,USA,Orange Choco,10-Mar-22,3703,11,Mar
Mallorie Waber,Canada,Eclairs,13-Jan-22,1442,286,Jan
Karlen McCaffrey,New Zealand,Drinking Coco,28-Jul-22,168,156,Jul
Marney O'Breen,New Zealand,Peanut Butter Cubes,03-Aug-22,8379,173,Aug
Beverie Moffet,Australia,Organic Choco Syrup,26-Jan-22,6790,356,Jan
Van Tuxwell,Canada,Organic Choco Syrup,14-Feb-22,4067,42,Feb
Roddy Speechley,USA,Smooth Sliky Salty,05-Apr-22,3017,140,Apr
Beverie Moffet,Canada,Milk Bars,16-Feb-22,8799,250,Feb
Curtice Advani,UK,85% Dark Bars,08-Jun-22,1085,172,Jun
Brien Boise,Australia,Eclairs,27-Jun-22,6888,88,Jun
Gunar Cockshoot,USA,Spicy Special Slims,17-Feb-22,1267,157,Feb
Marney O'Breen,USA,After Nines,30-May-22,4753,163,May
Husein Augar,UK,Drinking Coco,14-Mar-22,3003,113,Mar
Kaine Padly,Australia,Eclairs,28-Feb-22,7672,115,Feb
Karlen McCaffrey,India,Fruit & Nut Bars,26-Jan-22,168,321,Jan
Roddy Speechley,Canada,Spicy Special Slims,09-Feb-22,1652,186,Feb
Husein Augar,USA,Eclairs,07-Jul-22,4025,112,Jul
Dennison Crosswaite,New Zealand,White Choc,05-Jul-22,9492,151,Jul
Dennison Crosswaite,New Zealand,Manuka Honey Choco,15-Jun-22,5061,301,Jun
Van Tuxwell,New Zealand,85% Dark Bars,24-May-22,1722,121,May
Rafaelita Blaksland,UK,99% Dark & Pure,29-Jun-22,12446,150,Jun
Wilone O'Kielt,Australia,Manuka Honey Choco,11-May-22,4284,94,May
Karlen McCaffrey,UK,Almond Choco,30-Jun-22,6839,133,Jun
Andria Kimpton,Canada,After Nines,11-May-22,2163,70,May
Roddy Speechley,USA,Manuka Honey Choco,22-Jul-22,9583,315,Jul
Andria Kimpton,UK,50% Dark Bites,24-Aug-22,2653,314,Aug
Kelci Walkden,New Zealand,After Nines,07-Jul-22,147,72,Jul
Camilla Castle,Australia,85% Dark Bars,19-May-22,3654,14,May
Karlen McCaffrey,India,Manuka Honey Choco,04-Jul-22,2443,581,Jul
Kelci Walkden,USA,After Nines,02-Jun-22,938,16,Jun
Karlen McCaffrey,USA,Raspberry Choco,15-Apr-22,14749,354,Apr
Mallorie Waber,Canada,Choco Coated Almonds,11-Jul-22,4781,241,Jul
Andria Kimpton,India,Spicy Special Slims,23-Feb-22,6307,142,Feb
Madelene Upcott,Canada,Almond Choco,22-Aug-22,7602,102,Aug
Kaine Padly,USA,Peanut Butter Cubes,16-Feb-22,6790,188,Feb
Van Tuxwell,USA,50% Dark Bites,13-Jan-22,9737,160,Jan
Curtice Advani,Australia,Milk Bars,14-Feb-22,6979,18,Feb
Roddy Speechley,India,Eclairs,10-Jun-22,4382,303,Jun
Curtice Advani,India,Fruit & Nut Bars,07-Jul-22,5243,176,Jul
Curtice Advani,Canada,Almond Choco,24-Mar-22,4865,70,Mar
Brien Boise,Australia,Fruit & Nut Bars,06-Jun-22,8575,23,Jun
Dotty Strutley,Australia,Drinking Coco,19-Jul-22,91,135,Jul
Beverie Moffet,USA,Raspberry Choco,19-Apr-22,14798,83,Apr
Marney O'Breen,India,85% Dark Bars,19-Jul-22,2205,179,Jul
Jehu Rudeforth,Canada,Drinking Coco,15-Jul-22,441,24,Jul
Ches Bonnell,New Zealand,Spicy Special Slims,14-Feb-22,3556,18,Feb
Brien Boise,Canada,99% Dark & Pure,18-May-22,16793,416,May
Barr Faughny,Australia,Fruit & Nut Bars,30-Jun-22,15421,55,Jun
Andria Kimpton,Australia,50% Dark Bites,02-Jun-22,4438,227,Jun
Andria Kimpton,Australia,Drinking Coco,28-Jun-22,1603,48,Jun
Marney O'Breen,Australia,Organic Choco Syrup,16-May-22,273,174,May
Kelci Walkden,Canada,Baker's Choco Chips,26-May-22,3073,302,May
Karlen McCaffrey,India,Almond Choco,06-Jul-22,6090,149,Jul
Oby Sorrel,India,99% Dark & Pure,27-May-22,10255,11,May
Wilone O'Kielt,Australia,Caramel Stuffed Bars,14-Apr-22,2030,11,Apr
Van Tuxwell,Australia,Organic Choco Syrup,10-Aug-22,19453,14,Aug
Camilla Castle,India,50% Dark Bites,04-Jul-22,9275,411,Jul
Oby Sorrel,India,Organic Choco Syrup,08-Jul-22,6181,56,Jul
Jan Morforth,USA,Peanut Butter Cubes,22-Jul-22,9037,102,Jul
Gigi Bohling,USA,Choco Coated Almonds,02-Mar-22,12313,103,Mar
Gigi Bohling,UK,Almond Choco,10-Jan-22,5642,9,Jan
Jehu Rudeforth,New Zealand,White Choc,11-Mar-22,2800,241,Mar
Andria Kimpton,New Zealand,Peanut Butter Cubes,20-Jun-22,959,265,Jun
Van Tuxwell,UK,Organic Choco Syrup,26-Aug-22,2002,214,Aug
Roddy Speechley,Canada,Milk Bars,13-Jul-22,609,32,Jul
Camilla Castle,USA,Spicy Special Slims,11-Feb-22,1274,244,Feb
Marney O'Breen,USA,Orange Choco,27-Jan-22,7595,181,Jan
Van Tuxwell,UK,99% Dark & Pure,31-Jan-22,4725,137,Jan
Camilla Castle,USA,White Choc,18-Aug-22,9681,24,Aug
Andria Kimpton,USA,Raspberry Choco,30-Jun-22,14504,21,Jun
Dotty Strutley,Australia,Fruit & Nut Bars,23-Aug-22,280,311,Aug
Brien Boise,New Zealand,Mint Chip Choco,01-Aug-22,63,181,Aug
Roddy Speechley,New Zealand,After Nines,25-May-22,8001,10,May
Roddy Speechley,Canada,Organic Choco Syrup,10-Jan-22,4032,82,Jan
Dennison Crosswaite,Australia,70% Dark Bites,07-Feb-22,5859,108,Feb
Karlen McCaffrey,USA,Orange Choco,12-May-22,11095,401,May
Madelene Upcott,Australia,Spicy Special Slims,07-Mar-22,7182,408,Mar
Dennison Crosswaite,Australia,85% Dark Bars,05-Apr-22,6881,420,Apr
Andria Kimpton,Canada,Caramel Stuffed Bars,03-Jan-22,7154,348,Jan
Dennison Crosswaite,UK,Eclairs,24-Mar-22,6188,270,Mar
Madelene Upcott,India,Raspberry Choco,07-Jul-22,4221,9,Jul
Van Tuxwell,USA,After Nines,26-Jul-22,630,264,Jul
Wilone O'Kielt,Australia,Organic Choco Syrup,07-Jul-22,1743,111,Jul
Karlen McCaffrey,Canada,50% Dark Bites,15-Jul-22,2919,65,Jul
Roddy Speechley,New Zealand,Orange Choco,01-Apr-22,49,97,Apr
Beverie Moffet,Australia,Eclairs,20-Jun-22,1827,6,Jun
Kelci Walkden,UK,Fruit & Nut Bars,29-Jun-22,13006,482,Jun
Marney O'Breen,USA,50% Dark Bites,15-Jun-22,1064,106,Jun
Husein Augar,USA,After Nines,08-Apr-22,11571,180,Apr
Dennison Crosswaite,Australia,Raspberry Choco,14-Mar-22,5740,31,Mar
Andria Kimpton,USA,Fruit & Nut Bars,15-Jul-22,1456,359,Jul
Kelci Walkden,India,Eclairs,19-Apr-22,5334,80,Apr
Marney O'Breen,USA,99% Dark & Pure,28-Mar-22,4151,296,Mar
Brien Boise,Canada,Spicy Special Slims,04-Mar-22,8106,101,Mar
Karlen McCaffrey,New Zealand,70% Dark Bites,02-Aug-22,126,40,Aug
Husein Augar,UK,Spicy Special Slims,25-Aug-22,4697,42,Aug
Marney O'Breen,USA,Almond Choco,25-Feb-22,7798,167,Feb
Kelci Walkden,India,Orange Choco,07-Jun-22,9408,138,Jun
Jan Morforth,India,Spicy Special Slims,12-Apr-22,1939,520,Apr
Ches Bonnell,India,Spicy Special Slims,06-Jul-22,10906,94,Jul
Kelci Walkden,UK,Smooth Sliky Salty,19-Jan-22,5929,175,Jan
Madelene Upcott,Australia,Fruit & Nut Bars,05-Jan-22,5579,92,Jan
Madelene Upcott,Canada,70% Dark Bites,24-Jan-22,10927,141,Jan
Wilone O'Kielt,Australia,Drinking Coco,06-Apr-22,623,283,Apr
Gunar Cockshoot,Australia,Fruit & Nut Bars,15-Jun-22,6013,21,Jun
Gigi Bohling,Canada,Baker's Choco Chips,28-Jan-22,1505,47,Jan
Kelci Walkden,India,Caramel Stuffed Bars,16-Mar-22,476,125,Mar
Rafaelita Blaksland,Australia,Drinking Coco,21-Feb-22,11550,396,Feb
Kelci Walkden,USA,Manuka Honey Choco,16-Feb-22,17318,87,Feb
Jehu Rudeforth,Canada,Spicy Special Slims,13-Jan-22,1848,27,Jan
Kelci Walkden,Australia,Eclairs,23-Mar-22,7273,547,Mar
Curtice Advani,Canada,Spicy Special Slims,16-Jun-22,854,118,Jun
Oby Sorrel,India,Raspberry Choco,14-Apr-22,6832,46,Apr
Kelci Walkden,UK,Eclairs,25-Jan-22,4606,57,Jan
Jan Morforth,India,Almond Choco,11-Mar-22,4466,22,Mar
Dotty Strutley,UK,Almond Choco,28-Jul-22,16114,96,Jul
Marney O'Breen,New Zealand,After Nines,09-Mar-22,1561,44,Mar
Husein Augar,Australia,Orange Choco,28-Jun-22,8897,188,Jun
Marney O'Breen,Australia,Milk Bars,28-Jul-22,2464,387,Jul
Kelci Walkden,Canada,99% Dark & Pure,15-Aug-22,4830,50,Aug
Kaine Padly,Australia,Manuka Honey Choco,12-Jan-22,2765,264,Jan
Beverie Moffet,New Zealand,White Choc,24-Mar-22,7126,7,Mar
Van Tuxwell,UK,Milk Bars,25-Jul-22,4263,90,Jul
Oby Sorrel,Canada,99% Dark & Pure,01-Aug-22,3605,403,Aug
Van Tuxwell,India,Organic Choco Syrup,16-May-22,19929,174,May
Roddy Speechley,India,Smooth Sliky Salty,10-Aug-22,5103,140,Aug
Jan Morforth,India,Eclairs,05-Jan-22,2541,27,Jan
Ches Bonnell,UK,Smooth Sliky Salty,11-Jul-22,5663,110,Jul
Wilone O'Kielt,USA,After Nines,25-Apr-22,392,30,Apr
Gigi Bohling,New Zealand,Fruit & Nut Bars,04-Apr-22,10976,121,Apr
Barr Faughny,USA,Raspberry Choco,12-Apr-22,9282,101,Apr
Wilone O'Kielt,New Zealand,85% Dark Bars,02-Aug-22,1827,117,Aug
Gigi Bohling,New Zealand,Manuka Honey Choco,28-Jun-22,8267,272,Jun
Ches Bonnell,Australia,Eclairs,05-Jul-22,4116,128,Jul
Rafaelita Blaksland,New Zealand,Choco Coated Almonds,07-Jun-22,2093,45,Jun
Brien Boise,New Zealand,Smooth Sliky Salty,18-Jan-22,1015,27,Jan
Brien Boise,Australia,Baker's Choco Chips,04-Jan-22,12516,212,Jan
Dennison Crosswaite,Australia,99% Dark & Pure,31-Jan-22,2758,18,Jan
Kelci Walkden,India,Almond Choco,14-Mar-22,3297,149,Mar
Camilla Castle,Australia,70% Dark Bites,29-Apr-22,6048,477,Apr
Oby Sorrel,India,Smooth Sliky Salty,07-Feb-22,10101,108,Feb
Kaine Padly,UK,Organic Choco Syrup,31-Mar-22,2282,178,Mar
Marney O'Breen,India,Caramel Stuffed Bars,16-Mar-22,4361,81,Mar
Karlen McCaffrey,UK,Eclairs,25-Jan-22,7798,196,Jan
Van Tuxwell,India,Baker's Choco Chips,20-Jun-22,3052,447,Jun
Gigi Bohling,UK,After Nines,29-Mar-22,8029,175,Mar
Curtice Advani,Australia,Orange Choco,12-Jul-22,854,136,Jul
Jehu Rudeforth,Canada,Smooth Sliky Salty,11-Jul-22,5460,138,Jul
Karlen McCaffrey,Canada,Smooth Sliky Salty,19-Jan-22,3017,184,Jan
Andria Kimpton,USA,85% Dark Bars,05-Apr-22,8911,82,Apr
Jehu Rudeforth,Canada,Milk Bars,21-Feb-22,7203,12,Feb
Rafaelita Blaksland,New Zealand,Caramel Stuffed Bars,20-May-22,13083,14,May
Mallorie Waber,Australia,Milk Bars,29-Jul-22,2779,104,Jul
Barr Faughny,USA,Fruit & Nut Bars,28-Jan-22,9058,46,Jan
Marney O'Breen,UK,Caramel Stuffed Bars,19-Jul-22,3549,112,Jul
Mallorie Waber,New Zealand,Manuka Honey Choco,13-Apr-22,9436,11,Apr
Roddy Speechley,India,Peanut Butter Cubes,11-Feb-22,10283,21,Feb
Roddy Speechley,New Zealand,Milk Bars,02-Mar-22,5446,116,Mar
Ches Bonnell,Australia,White Choc,02-Mar-22,1043,202,Mar
Van Tuxwell,USA,99% Dark & Pure,28-Jul-22,12586,6,Jul
Kelci Walkden,India,After Nines,07-Jan-22,1687,520,Jan
Brien Boise,UK,White Choc,12-Apr-22,5299,167,Apr
Van Tuxwell,Canada,Almond Choco,27-Jun-22,3213,72,Jun
Jehu Rudeforth,Australia,50% Dark Bites,14-Jan-22,5194,418,Jan
Karlen McCaffrey,UK,Baker's Choco Chips,07-Feb-22,4753,389,Feb
Jehu Rudeforth,Australia,Orange Choco,23-Mar-22,13706,26,Mar
Marney O'Breen,India,Peanut Butter Cubes,10-Jan-22,6489,146,Jan
Oby Sorrel,UK,Choco Coated Almonds,17-Mar-22,9324,41,Mar
Gigi Bohling,USA,Spicy Special Slims,21-Jan-22,10829,54,Jan
Barr Faughny,Australia,White Choc,04-Jul-22,8113,370,Jul
Kaine Padly,Canada,Peanut Butter Cubes,04-Jul-22,3269,176,Jul
Dotty Strutley,USA,Manuka Honey Choco,10-Aug-22,273,210,Aug
Dennison Crosswaite,Australia,50% Dark Bites,01-Apr-22,7287,12,Apr
Gigi Bohling,India,Raspberry Choco,22-Feb-22,2583,159,Feb
Camilla Castle,UK,White Choc,03-Jan-22,9982,187,Jan
Karlen McCaffrey,India,Drinking Coco,31-May-22,4795,233,May
Dotty Strutley,UK,99% Dark & Pure,03-Jan-22,9310,282,Jan
Husein Augar,New Zealand,Caramel Stuffed Bars,27-Jan-22,497,475,Jan
Barr Faughny,UK,50% Dark Bites,28-Jan-22,581,65,Jan
Curtice Advani,Australia,Organic Choco Syrup,28-Jun-22,3472,311,Jun
Husein Augar,UK,Choco Coated Almonds,02-Mar-22,4333,43,Mar
Wilone O'Kielt,Australia,After Nines,27-May-22,3325,26,May
Dennison Crosswaite,USA,Almond Choco,30-Jun-22,11718,84,Jun
Barr Faughny,Canada,Peanut Butter Cubes,07-Jun-22,2100,78,Jun
Kaine Padly,USA,70% Dark Bites,12-May-22,4018,100,May
Barr Faughny,New Zealand,Raspberry Choco,29-Jul-22,6468,66,Jul
Dennison Crosswaite,UK,White Choc,03-Aug-22,7238,265,Aug
Barr Faughny,India,Baker's Choco Chips,18-Aug-22,6454,141,Aug
Van Tuxwell,New Zealand,Smooth Sliky Salty,14-Jun-22,3115,42,Jun
Beverie Moffet,UK,White Choc,30-Jun-22,6475,76,Jun
Camilla Castle,New Zealand,Mint Chip Choco,13-Jun-22,1162,190,Jun
Ches Bonnell,UK,Orange Choco,27-Apr-22,14238,54,Apr
Jan Morforth,Australia,White Choc,27-Jul-22,3472,32,Jul
Mallorie Waber,Canada,85% Dark Bars,20-Apr-22,1428,424,Apr
Rafaelita Blaksland,India,Spicy Special Slims,04-Jan-22,8064,134,Jan
Ches Bonnell,Australia,Mint Chip Choco,21-Feb-22,9660,92,Feb
Karlen McCaffrey,Australia,White Choc,05-Jan-22,7357,48,Jan
Beverie Moffet,India,Drinking Coco,15-Jul-22,6055,46,Jul
Brien Boise,Australia,Choco Coated Almonds,25-May-22,5124,62,May
Karlen McCaffrey,Canada,Eclairs,20-Apr-22,3479,358,Apr
Gigi Bohling,USA,99% Dark & Pure,02-Jun-22,784,249,Jun
Marney O'Breen,UK,Smooth Sliky Salty,13-May-22,18991,88,May
Beverie Moffet,New Zealand,Baker's Choco Chips,03-Aug-22,1372,144,Aug
Beverie Moffet,Australia,Milk Bars,25-May-22,735,390,May
Van Tuxwell,UK,Raspberry Choco,16-Mar-22,6538,79,Mar
Jan Morforth,Australia,Orange Choco,04-Jul-22,3199,122,Jul
Jehu Rudeforth,India,50% Dark Bites,05-Jul-22,3472,135,Jul
Madelene Upcott,USA,After Nines,15-Mar-22,4571,430,Mar
Barr Faughny,UK,Raspberry Choco,22-Aug-22,5481,69,Aug
Ches Bonnell,Australia,70% Dark Bites,12-Jan-22,3136,125,Jan
Marney O'Breen,UK,Baker's Choco Chips,10-Jun-22,252,154,Jun
Kaine Padly,Australia,Peanut Butter Cubes,25-Mar-22,5460,286,Mar
Rafaelita Blaksland,India,Almond Choco,27-Jul-22,3395,99,Jul
Husein Augar,UK,Caramel Stuffed Bars,15-Apr-22,14938,433,Apr
Roddy Speechley,India,Orange Choco,27-Jun-22,4053,19,Jun
Jehu Rudeforth,UK,70% Dark Bites,14-Apr-22,5565,258,Apr
Husein Augar,Australia,Manuka Honey Choco,15-Mar-22,7161,92,Mar
Madelene Upcott,USA,Eclairs,18-Mar-22,8883,200,Mar
Brien Boise,India,Eclairs,29-Apr-22,1351,61,Apr
Mallorie Waber,New Zealand,White Choc,25-Feb-22,3171,246,Feb
Husein Augar,USA,Milk Bars,02-Mar-22,854,56,Mar
Van Tuxwell,Australia,Milk Bars,20-Jun-22,7910,87,Jun
Beverie Moffet,Canada,White Choc,15-Jul-22,9275,173,Jul
Dotty Strutley,Australia,50% Dark Bites,12-May-22,3108,252,May
Mallorie Waber,New Zealand,Organic Choco Syrup,01-Jul-22,5075,256,Jul
Husein Augar,USA,85% Dark Bars,08-Aug-22,378,54,Aug
Madelene Upcott,Australia,50% Dark Bites,25-Jul-22,7350,6,Jul
Wilone O'Kielt,UK,Drinking Coco,18-May-22,3388,55,May
Camilla Castle,India,Peanut Butter Cubes,15-Jul-22,11837,277,Jul
Curtice Advani,India,70% Dark Bites,05-Jul-22,2282,44,Jul
Mallorie Waber,USA,Manuka Honey Choco,04-Jul-22,5425,96,Jul
Dotty Strutley,UK,70% Dark Bites,20-Jun-22,1267,216,Jun
Gunar Cockshoot,Australia,Almond Choco,25-Jan-22,3752,424,Jan
Kaine Padly,New Zealand,Spicy Special Slims,01-Jul-22,7728,37,Jul
Gigi Bohling,USA,50% Dark Bites,13-Apr-22,2296,59,Apr
Beverie Moffet,UK,Smooth Sliky Salty,04-May-22,4403,76,May
Beverie Moffet,Australia,Baker's Choco Chips,04-Aug-22,3192,109,Aug
Beverie Moffet,India,70% Dark Bites,01-Jun-22,448,146,Jun
Jehu Rudeforth,UK,Choco Coated Almonds,22-Apr-22,4270,185,Apr
Kaine Padly,USA,50% Dark Bites,03-Aug-22,70,27,Aug
Ches Bonnell,USA,Orange Choco,10-Jun-22,1743,69,Jun
Gunar Cockshoot,UK,Manuka Honey Choco,27-Jun-22,6762,46,Jun
Marney O'Breen,Australia,Smooth Sliky Salty,03-Jan-22,3745,170,Jan
Marney O'Breen,India,After Nines,11-Jul-22,2639,179,Jul
Ches Bonnell,New Zealand,Milk Bars,17-Aug-22,4389,126,Aug
Rafaelita Blaksland,USA,Fruit & Nut Bars,18-Jan-22,2604,65,Jan
Ches Bonnell,India,Organic Choco Syrup,08-Mar-22,16569,99,Mar
Mallorie Waber,Australia,Orange Choco,07-Mar-22,14658,275,Mar
Husein Augar,India,70% Dark Bites,09-May-22,6454,157,May
Barr Faughny,New Zealand,85% Dark Bars,23-May-22,2100,157,May
Madelene Upcott,UK,Caramel Stuffed Bars,15-Apr-22,161,145,Apr
Gigi Bohling,Australia,Drinking Coco,27-Jul-22,2807,139,Jul
Marney O'Breen,Canada,Choco Coated Almonds,22-Aug-22,2639,406,Aug
Ches Bonnell,USA,70% Dark Bites,11-May-22,4571,122,May
Madelene Upcott,India,Organic Choco Syrup,26-Jan-22,4781,38,Jan
Barr Faughny,USA,50% Dark Bites,14-Apr-22,13034,117,Apr
Dennison Crosswaite,New Zealand,Mint Chip Choco,05-Apr-22,6454,417,Apr
Marney O'Breen,New Zealand,Smooth Sliky Salty,14-Jun-22,8484,57,Jun
Brien Boise,Canada,Almond Choco,13-Apr-22,4781,125,Apr
Beverie Moffet,Australia,White Choc,27-Jun-22,2240,166,Jun
Dotty Strutley,Australia,Eclairs,26-Jan-22,6979,3,Jan
Barr Faughny,UK,White Choc,05-Jul-22,1652,72,Jul
Beverie Moffet,Canada,Baker's Choco Chips,11-Jan-22,13447,95,Jan
Kelci Walkden,USA,White Choc,07-Mar-22,9422,22,Mar
Kaine Padly,Canada,50% Dark Bites,04-Mar-22,8687,100,Mar
Karlen McCaffrey,Canada,Organic Choco Syrup,15-Jul-22,2415,312,Jul
Kaine Padly,UK,Peanut Butter Cubes,11-May-22,6272,86,May
Karlen McCaffrey,USA,Milk Bars,27-Jan-22,4389,7,Jan
Karlen McCaffrey,India,Orange Choco,27-Jun-22,3122,149,Jun
Ches Bonnell,India,Smooth Sliky Salty,03-Aug-22,8043,18,Aug
Wilone O'Kielt,New Zealand,Mint Chip Choco,19-Aug-22,11662,242,Aug
Wilone O'Kielt,Australia,Fruit & Nut Bars,15-Jun-22,392,102,Jun
Dennison Crosswaite,UK,Peanut Butter Cubes,07-Feb-22,8925,158,Feb
Karlen McCaffrey,Australia,Almond Choco,08-Jul-22,7294,128,Jul
Dennison Crosswaite,India,Milk Bars,21-Apr-22,1526,96,Apr
Ches Bonnell,UK,Mint Chip Choco,08-Apr-22,2688,209,Apr
Husein Augar,Australia,50% Dark Bites,19-Aug-22,14889,52,Aug
Jan Morforth,India,Fruit & Nut Bars,04-May-22,2912,55,May
Mallorie Waber,USA,85% Dark Bars,11-May-22,2632,108,May
Mallorie Waber,USA,Eclairs,22-Mar-22,6328,51,Mar
Dennison Crosswaite,Canada,Spicy Special Slims,10-Aug-22,2527,216,Aug
Dennison Crosswaite,USA,Fruit & Nut Bars,04-May-22,1414,318,May
Kelci Walkden,USA,99% Dark & Pure,18-Aug-22,7714,238,Aug
Dotty Strutley,Canada,Raspberry Choco,03-Aug-22,4347,238,Aug
Marney O'Breen,New Zealand,Milk Bars,14-Jan-22,7490,315,Jan
Madelene Upcott,Australia,Choco Coated Almonds,08-Apr-22,2058,72,Apr
Kelci Walkden,UK,Orange Choco,01-Aug-22,3640,3,Aug
Dennison Crosswaite,Canada,Eclairs,15-Mar-22,455,45,Mar
Karlen McCaffrey,India,Mint Chip Choco,15-Jul-22,10990,184,Jul
Barr Faughny,New Zealand,Almond Choco,13-Jan-22,5558,127,Jan
Mallorie Waber,Australia,85% Dark Bars,26-Aug-22,2541,53,Aug
Ches Bonnell,Canada,Eclairs,10-Jan-22,1876,172,Jan
Gigi Bohling,Australia,White Choc,11-May-22,5523,87,May
Beverie Moffet,New Zealand,85% Dark Bars,30-Aug-22,11200,22,Aug
Kaine Padly,USA,Caramel Stuffed Bars,21-Jul-22,5593,122,Jul
Mallorie Waber,Australia,Almond Choco,01-Aug-22,7882,125,Aug
Brien Boise,Canada,85% Dark Bars,17-Feb-22,10241,259,Feb
Brien Boise,Australia,Drinking Coco,27-Jul-22,6832,156,Jul
Dotty Strutley,USA,Orange Choco,23-Feb-22,1379,107,Feb
Rafaelita Blaksland,Australia,50% Dark Bites,22-Mar-22,3010,40,Mar
Dennison Crosswaite,India,99% Dark & Pure,23-Jun-22,6888,311,Jun
Curtice Advani,UK,White Choc,01-Feb-22,1540,73,Feb
Kelci Walkden,Australia,After Nines,02-Mar-22,6916,288,Mar
Gigi Bohling,UK,Fruit & Nut Bars,06-Apr-22,1232,86,Apr
Gunar Cockshoot,Australia,Raspberry Choco,17-Mar-22,602,72,Mar
Curtice Advani,UK,Fruit & Nut Bars,24-Jun-22,10927,136,Jun
Barr Faughny,Canada,50% Dark Bites,19-Jul-22,10185,303,Jul
Curtice Advani,USA,Spicy Special Slims,11-Jul-22,1603,264,Jul
Brien Boise,India,Almond Choco,13-Jan-22,2170,218,Jan
Oby Sorrel,New Zealand,Smooth Sliky Salty,07-Jul-22,8673,60,Jul
Jan Morforth,India,85% Dark Bars,25-May-22,4760,418,May
Marney O'Breen,India,Fruit & Nut Bars,13-Apr-22,4753,151,Apr
Andria Kimpton,New Zealand,50% Dark Bites,02-Mar-22,3374,202,Mar
Gunar Cockshoot,Canada,Raspberry Choco,23-Jun-22,2058,126,Jun
Kelci Walkden,USA,Drinking Coco,26-Jul-22,6454,160,Jul
Van Tuxwell,Canada,White Choc,22-Mar-22,420,3,Mar
Rafaelita Blaksland,USA,Baker's Choco Chips,09-Jun-22,2863,58,Jun
Van Tuxwell,Australia,Caramel Stuffed Bars,17-May-22,5936,59,May
Ches Bonnell,New Zealand,Peanut Butter Cubes,04-Mar-22,889,273,Mar
Kelci Walkden,Canada,Milk Bars,07-Jul-22,16016,28,Jul
Dennison Crosswaite,Canada,Choco Coated Almonds,13-Jan-22,10479,118,Jan
Curtice Advani,Australia,Almond Choco,13-Jul-22,2912,75,Jul
Madelene Upcott,Australia,85% Dark Bars,16-Jun-22,1575,329,Jun
Gigi Bohling,UK,50% Dark Bites,18-Jul-22,8197,69,Jul
Ches Bonnell,UK,Manuka Honey Choco,30-May-22,4221,395,May
Gigi Bohling,UK,70% Dark Bites,21-Jun-22,840,81,Jun
Jehu Rudeforth,Australia,Peanut Butter Cubes,24-Jun-22,5691,38,Jun
Marney O'Breen,India,Eclairs,13-Jan-22,3472,96,Jan
Curtice Advani,Canada,Fruit & Nut Bars,04-Apr-22,4193,195,Apr
Kaine Padly,UK,Smooth Sliky Salty,08-Jun-22,9016,554,Jun
Karlen McCaffrey,Canada,Spicy Special Slims,02-Aug-22,6328,47,Aug
Kelci Walkden,USA,Organic Choco Syrup,21-Jul-22,9870,152,Jul
Curtice Advani,India,Spicy Special Slims,20-Jun-22,161,134,Jun
Roddy Speechley,India,After Nines,22-Jun-22,2576,112,Jun
Camilla Castle,Australia,Caramel Stuffed Bars,02-May-22,3178,16,May
Curtice Advani,Australia,99% Dark & Pure,07-Jan-22,4676,84,Jan
Mallorie Waber,UK,50% Dark Bites,21-Feb-22,5502,99,Feb
Ches Bonnell,Canada,Baker's Choco Chips,21-Mar-22,7462,371,Mar
Van Tuxwell,UK,Drinking Coco,04-Apr-22,5803,136,Apr
Gunar Cockshoot,Canada,Fruit & Nut Bars,24-Mar-22,13888,203,Mar
Gunar Cockshoot,New Zealand,Spicy Special Slims,28-Jun-22,6867,183,Jun
Gunar Cockshoot,Australia,Drinking Coco,14-Jan-22,2317,195,Jan
Karlen McCaffrey,New Zealand,Fruit & Nut Bars,07-Feb-22,1218,135,Feb
Dennison Crosswaite,New Zealand,Drinking Coco,11-Jan-22,4109,197,Jan
Jehu Rudeforth,India,99% Dark & Pure,25-Feb-22,1953,242,Feb
Dotty Strutley,Australia,Mint Chip Choco,01-Aug-22,6790,25,Aug
Roddy Speechley,Australia,Mint Chip Choco,05-May-22,6797,252,May
Madelene Upcott,New Zealand,Raspberry Choco,18-May-22,9226,415,May
Dotty Strutley,New Zealand,Choco Coated Almonds,04-Jan-22,5733,348,Jan
Roddy Speechley,New Zealand,50% Dark Bites,09-May-22,4312,211,May
Rafaelita Blaksland,India,Smooth Sliky Salty,06-May-22,1638,81,May
Husein Augar,UK,White Choc,13-Jan-22,10815,145,Jan
Roddy Speechley,Australia,Almond Choco,24-Jun-22,4466,74,Jun
Van Tuxwell,USA,Caramel Stuffed Bars,14-Feb-22,987,21,Feb
Camilla Castle,Australia,99% Dark & Pure,18-Jan-22,4669,101,Jan
Kaine Padly,India,Milk Bars,02-May-22,2905,91,May
Ches Bonnell,Australia,Smooth Sliky Salty,16-May-22,7490,54,May
Mallorie Waber,USA,Almond Choco,28-Jan-22,6986,368,Jan
Kaine Padly,Canada,99% Dark & Pure,24-Jun-22,1288,409,Jun
Oby Sorrel,UK,After Nines,18-Jul-22,2345,104,Jul
Gunar Cockshoot,UK,Eclairs,13-Apr-22,3619,164,Apr
Dotty Strutley,USA,Caramel Stuffed Bars,15-Apr-22,16982,76,Apr
Jan Morforth,India,Peanut Butter Cubes,04-Jan-22,8092,178,Jan
Husein Augar,Australia,Eclairs,04-Jul-22,6993,31,Jul
Beverie Moffet,USA,Smooth Sliky Salty,24-Mar-22,2317,352,Mar
Camilla Castle,Australia,Manuka Honey Choco,17-Mar-22,637,169,Mar
Oby Sorrel,Australia,Almond Choco,15-Feb-22,6034,223,Feb
Jan Morforth,USA,Orange Choco,29-Jun-22,980,146,Jun
Gigi Bohling,USA,Fruit & Nut Bars,24-May-22,2821,112,May
Mallorie Waber,UK,Milk Bars,10-Jan-22,3563,284,Jan
Curtice Advani,USA,Raspberry Choco,15-Mar-22,2996,139,Mar
Marney O'Breen,Canada,Milk Bars,08-Feb-22,2436,309,Feb
Brien Boise,India,Caramel Stuffed Bars,25-Feb-22,1540,100,Feb
Gunar Cockshoot,USA,Eclairs,03-May-22,6916,42,May
Roddy Speechley,USA,Fruit & Nut Bars,14-Jun-22,5509,24,Jun
Gunar Cockshoot,India,50% Dark Bites,09-Aug-22,12992,83,Aug
Wilone O'Kielt,New Zealand,Manuka Honey Choco,11-Jul-22,3724,234,Jul
Kaine Padly,UK,Manuka Honey Choco,14-Jan-22,7133,118,Jan
Van Tuxwell,Canada,Manuka Honey Choco,24-Feb-22,8617,46,Feb
Wilone O'Kielt,New Zealand,Almond Choco,15-Mar-22,9198,144,Mar
Oby Sorrel,New Zealand,Baker's Choco Chips,25-Apr-22,11823,47,Apr
Dennison Crosswaite,Australia,Organic Choco Syrup,10-May-22,5775,41,May
Marney O'Breen,Australia,Spicy Special Slims,23-Jun-22,13125,275,Jun
Beverie Moffet,Canada,Smooth Sliky Salty,28-Feb-22,14287,370,Feb
Brien Boise,USA,Organic Choco Syrup,25-May-22,16233,138,May
Roddy Speechley,New Zealand,Baker's Choco Chips,22-Feb-22,5313,215,Feb
Van Tuxwell,UK,85% Dark Bars,11-Jul-22,3577,134,Jul
Marney O'Breen,Canada,Spicy Special Slims,03-Jan-22,3528,336,Jan
Rafaelita Blaksland,New Zealand,70% Dark Bites,24-Aug-22,679,280,Aug
Beverie Moffet,USA,50% Dark Bites,28-Jul-22,2450,352,Jul
Brien Boise,USA,Mint Chip Choco,25-May-22,10577,150,May
Karlen McCaffrey,New Zealand,Eclairs,06-May-22,2597,177,May
Barr Faughny,India,Drinking Coco,28-Jan-22,2219,142,Jan
Marney O'Breen,UK,Orange Choco,06-Jun-22,11319,12,Jun
Brien Boise,New Zealand,Baker's Choco Chips,12-Jul-22,5978,24,Jul
Ches Bonnell,Canada,Spicy Special Slims,05-Aug-22,5327,183,Aug
Brien Boise,USA,Orange Choco,28-Jan-22,6020,147,Jan
Kaine Padly,India,Spicy Special Slims,31-Aug-22,5614,137,Aug
Mallorie Waber,USA,50% Dark Bites,19-Apr-22,1736,13,Apr
Mallorie Waber,UK,Mint Chip Choco,29-Jun-22,6384,2,Jun
Beverie Moffet,India,Choco Coated Almonds,24-Feb-22,3577,261,Feb
Madelene Upcott,UK,Smooth Sliky Salty,04-Mar-22,14539,84,Mar
Gigi Bohling,India,Eclairs,21-Jun-22,3493,68,Jun
Rafaelita Blaksland,Australia,Organic Choco Syrup,26-Jan-22,994,105,Jan
Oby Sorrel,New Zealand,White Choc,10-Jun-22,4361,40,Jun
Andria Kimpton,UK,Drinking Coco,23-May-22,1554,65,May
Kelci Walkden,India,Milk Bars,15-Apr-22,966,107,Apr
Karlen McCaffrey,New Zealand,Caramel Stuffed Bars,31-Jan-22,5334,227,Jan
Andria Kimpton,New Zealand,Organic Choco Syrup,04-Mar-22,4935,39,Mar
Barr Faughny,New Zealand,After Nines,19-Apr-22,10024,84,Apr
Beverie Moffet,UK,Almond Choco,16-May-22,2506,100,May
Oby Sorrel,Australia,Raspberry Choco,17-Feb-22,1043,120,Feb
Dennison Crosswaite,USA,Raspberry Choco,18-Jan-22,6524,257,Jan
Roddy Speechley,Canada,Orange Choco,09-Feb-22,8148,85,Feb
Mallorie Waber,Canada,Orange Choco,23-Mar-22,3577,178,Mar
Madelene Upcott,New Zealand,Caramel Stuffed Bars,01-Feb-22,3374,151,Feb
Mallorie Waber,India,Drinking Coco,07-Mar-22,3948,142,Mar
Ches Bonnell,UK,White Choc,03-Jan-22,3269,226,Jan
Ches Bonnell,USA,White Choc,11-Feb-22,5271,341,Feb
Dennison Crosswaite,New Zealand,Orange Choco,16-Mar-22,4571,140,Mar
Dotty Strutley,India,White Choc,15-Aug-22,12327,330,Aug
Gigi Bohling,India,Manuka Honey Choco,12-May-22,4935,73,May
Van Tuxwell,India,Spicy Special Slims,11-Apr-22,6167,4,Apr
Jan Morforth,New Zealand,Mint Chip Choco,30-Jun-22,18340,285,Jun
Dotty Strutley,New Zealand,White Choc,15-Jun-22,7014,60,Jun
Rafaelita Blaksland,Canada,Caramel Stuffed Bars,01-Aug-22,7119,101,Aug
Kaine Padly,USA,Milk Bars,15-Jun-22,15491,58,Jun
Brien Boise,India,After Nines,16-Jun-22,5747,45,Jun
Oby Sorrel,New Zealand,Raspberry Choco,13-May-22,4550,281,May
Dennison Crosswaite,USA,Drinking Coco,10-May-22,2191,138,May
Oby Sorrel,India,Eclairs,25-Aug-22,5663,322,Aug
Ches Bonnell,New Zealand,Organic Choco Syrup,15-Jul-22,7623,85,Jul
Gigi Bohling,UK,Baker's Choco Chips,16-May-22,9023,409,May
Jan Morforth,Australia,50% Dark Bites,14-Jun-22,3402,182,Jun
Beverie Moffet,Australia,Smooth Sliky Salty,25-Jan-22,10507,467,Jan
Ches Bonnell,USA,Organic Choco Syrup,28-Jul-22,7721,14,Jul
Brien Boise,Canada,Mint Chip Choco,28-Jan-22,5033,178,Jan
Kaine Padly,UK,Orange Choco,29-Jun-22,1960,191,Jun
Karlen McCaffrey,Australia,70% Dark Bites,24-Jun-22,238,317,Jun
Gunar Cockshoot,Canada,Mint Chip Choco,01-Jul-22,7756,410,Jul
Roddy Speechley,USA,Peanut Butter Cubes,25-Feb-22,1736,137,Feb
Curtice Advani,Canada,Smooth Sliky Salty,01-Aug-22,2660,12,Aug
Oby Sorrel,Australia,Milk Bars,21-Jun-22,7672,254,Jun
Camilla Castle,New Zealand,Spicy Special Slims,25-Jan-22,11564,24,Jan
Gigi Bohling,UK,Milk Bars,17-May-22,1365,232,May
Andria Kimpton,Australia,85% Dark Bars,23-Aug-22,4186,233,Aug
Camilla Castle,Australia,Smooth Sliky Salty,03-Mar-22,7406,118,Mar
Roddy Speechley,India,Caramel Stuffed Bars,30-May-22,8911,543,May
Karlen McCaffrey,USA,Drinking Coco,29-Jun-22,112,223,Jun
Andria Kimpton,Canada,Organic Choco Syrup,04-Jan-22,8204,204,Jan
Jehu Rudeforth,Australia,Drinking Coco,14-Jan-22,2611,65,Jan
Karlen McCaffrey,USA,Mint Chip Choco,15-Feb-22,15652,53,Feb
Curtice Advani,New Zealand,Spicy Special Slims,10-Jan-22,4074,469,Jan
Madelene Upcott,USA,White Choc,04-May-22,12250,213,May
Andria Kimpton,USA,Spicy Special Slims,23-May-22,2366,5,May
Barr Faughny,New Zealand,Fruit & Nut Bars,26-Apr-22,1687,147,Apr
Oby Sorrel,Canada,Organic Choco Syrup,05-Jul-22,1232,74,Jul
Madelene Upcott,UK,Organic Choco Syrup,21-Jul-22,6965,163,Jul
Dotty Strutley,USA,Mint Chip Choco,21-Feb-22,5292,248,Feb
Kelci Walkden,USA,Orange Choco,03-Feb-22,1379,138,Feb
Gigi Bohling,Australia,Caramel Stuffed Bars,08-Jul-22,8001,151,Jul
Mallorie Waber,India,50% Dark Bites,31-May-22,588,139,May
Van Tuxwell,New Zealand,Mint Chip Choco,27-Jun-22,4046,103,Jun
Van Tuxwell,India,50% Dark Bites,13-May-22,5103,129,May
Van Tuxwell,USA,Manuka Honey Choco,31-May-22,2317,102,May
Wilone O'Kielt,USA,Orange Choco,28-Feb-22,7042,37,Feb
Barr Faughny,New Zealand,Eclairs,28-Mar-22,6713,31,Mar
Gigi Bohling,USA,After Nines,14-Jan-22,1848,227,Jan
Barr Faughny,New Zealand,Mint Chip Choco,21-Feb-22,6440,145,Feb
Dennison Crosswaite,Canada,85% Dark Bars,01-Aug-22,10885,90,Aug
Beverie Moffet,New Zealand,Smooth Sliky Salty,19-May-22,2387,59,May
Husein Augar,USA,White Choc,13-Jul-22,2030,60,Jul
Andria Kimpton,Australia,Peanut Butter Cubes,20-Apr-22,6678,148,Apr
Dennison Crosswaite,India,85% Dark Bars,30-Jun-22,4515,22,Jun
Curtice Advani,UK,50% Dark Bites,08-Mar-22,3374,142,Mar
Gunar Cockshoot,USA,Fruit & Nut Bars,09-Mar-22,5852,93,Mar
Oby Sorrel,Canada,Raspberry Choco,16-Jun-22,1750,208,Jun
Gigi Bohling,UK,Drinking Coco,30-Jun-22,5782,42,Jun
Kelci Walkden,India,Mint Chip Choco,28-Jul-22,2870,120,Jul
Karlen McCaffrey,Canada,Peanut Butter Cubes,12-Aug-22,3094,159,Aug
Barr Faughny,UK,Mint Chip Choco,07-Jul-22,3724,316,Jul
Barr Faughny,USA,85% Dark Bars,25-Aug-22,12761,47,Aug
Husein Augar,Canada,Eclairs,17-Jan-22,3696,233,Jan
Jan Morforth,Australia,70% Dark Bites,04-Mar-22,5222,384,Mar
Marney O'Breen,New Zealand,Fruit & Nut Bars,25-Aug-22,8939,4,Aug
Ches Bonnell,UK,Peanut Butter Cubes,15-Apr-22,2156,260,Apr
Kaine Padly,USA,Organic Choco Syrup,11-Mar-22,2380,22,Mar
Camilla Castle,USA,Raspberry Choco,20-May-22,3339,18,May
Brien Boise,New Zealand,Manuka Honey Choco,14-Jun-22,14980,42,Jun
Jehu Rudeforth,New Zealand,After Nines,14-Apr-22,1512,73,Apr
Jehu Rudeforth,USA,Smooth Sliky Salty,07-Jul-22,6657,154,Jul
Madelene Upcott,India,Mint Chip Choco,24-Aug-22,3836,71,Aug
Jehu Rudeforth,India,Eclairs,24-Feb-22,8771,127,Feb
Karlen McCaffrey,Canada,Raspberry Choco,09-May-22,651,224,May
Kaine Padly,Australia,70% Dark Bites,08-Feb-22,6706,223,Feb
Roddy Speechley,UK,70% Dark Bites,24-Mar-22,1421,284,Mar
Rafaelita Blaksland,USA,Drinking Coco,20-Jun-22,8526,73,Jun
Mallorie Waber,Canada,Manuka Honey Choco,07-Mar-22,1435,112,Mar
Kaine Padly,Australia,Fruit & Nut Bars,20-Jun-22,7434,85,Jun
Oby Sorrel,New Zealand,Organic Choco Syrup,17-Feb-22,15316,270,Feb
Madelene Upcott,UK,99% Dark & Pure,26-Jan-22,10479,45,Jan
Madelene Upcott,Australia,Mint Chip Choco,02-May-22,2751,153,May
Curtice Advani,Canada,99% Dark & Pure,07-Jul-22,12586,7,Jul
Rafaelita Blaksland,Australia,Baker's Choco Chips,22-Aug-22,2786,51,Aug
Karlen McCaffrey,Australia,After Nines,11-Aug-22,2303,67,Aug
Marney O'Breen,UK,99% Dark & Pure,13-Jan-22,8113,194,Jan
Gunar Cockshoot,Australia,50% Dark Bites,02-Mar-22,12271,116,Mar
Marney O'Breen,Australia,Choco Coated Almonds,27-Jul-22,11298,41,Jul
Kelci Walkden,New Zealand,Drinking Coco,10-Mar-22,15855,111,Mar
Beverie Moffet,USA,85% Dark Bars,23-Aug-22,12404,334,Aug
Roddy Speechley,USA,Eclairs,25-Apr-22,3990,155,Apr
Dennison Crosswaite,UK,Milk Bars,07-Mar-22,10808,407,Mar
Wilone O'Kielt,UK,Organic Choco Syrup,12-Jul-22,4858,52,Jul
Madelene Upcott,USA,Orange Choco,16-May-22,7742,138,May
Gunar Cockshoot,India,Smooth Sliky Salty,02-Mar-22,3752,70,Mar
Marney O'Breen,New Zealand,85% Dark Bars,30-May-22,1218,149,May
Marney O'Breen,UK,Manuka Honey Choco,10-Jun-22,10983,179,Jun
Brien Boise,USA,99% Dark & Pure,25-Jul-22,6769,353,Jul
Beverie Moffet,New Zealand,Mint Chip Choco,09-Jun-22,4361,97,Jun
Dennison Crosswaite,USA,Milk Bars,12-May-22,777,60,May
Gunar Cockshoot,USA,Drinking Coco,09-May-22,3843,5,May
Brien Boise,Canada,Manuka Honey Choco,09-Aug-22,6930,182,Aug
Van Tuxwell,India,Choco Coated Almonds,13-Apr-22,5733,114,Apr
Andria Kimpton,USA,Caramel Stuffed Bars,02-May-22,8393,46,May
Dotty Strutley,USA,99% Dark & Pure,09-Aug-22,3822,320,Aug
Camilla Castle,Australia,Raspberry Choco,23-Aug-22,6342,178,Aug
Gunar Cockshoot,India,Spicy Special Slims,13-May-22,6510,170,May
Karlen McCaffrey,USA,Manuka Honey Choco,01-Feb-22,10171,67,Feb
Camilla Castle,USA,50% Dark Bites,23-Jun-22,5908,301,Jun
Madelene Upcott,UK,Choco Coated Almonds,24-May-22,10164,134,May
Jan Morforth,Canada,Mint Chip Choco,01-Apr-22,1064,211,Apr
Camilla Castle,Canada,70% Dark Bites,27-Jul-22,9716,151,Jul
Ches Bonnell,India,Peanut Butter Cubes,27-Jan-22,22050,208,Jan
Jan Morforth,India,Choco Coated Almonds,12-Aug-22,2541,134,Aug
Gigi Bohling,Canada,Almond Choco,01-Feb-22,9989,49,Feb
Rafaelita Blaksland,India,After Nines,02-Mar-22,4739,204,Mar
Kelci Walkden,Australia,99% Dark & Pure,30-Jun-22,3185,34,Jun
Dotty Strutley,Australia,Spicy Special Slims,17-Jan-22,8225,91,Jan
Brien Boise,USA,Milk Bars,07-Jul-22,14301,130,Jul
Mallorie Waber,New Zealand,Mint Chip Choco,31-Jan-22,1316,107,Jan
Beverie Moffet,UK,99% Dark & Pure,10-Aug-22,3486,121,Aug
Beverie Moffet,USA,Peanut Butter Cubes,18-Aug-22,13930,339,Aug
Brien Boise,New Zealand,White Choc,15-Jun-22,5509,321,Jun
Marney O'Breen,USA,Baker's Choco Chips,26-Jan-22,8470,9,Jan
Kelci Walkden,USA,Spicy Special Slims,29-Apr-22,77,69,Apr
Mallorie Waber,Canada,White Choc,03-Mar-22,3381,72,Mar
Kaine Padly,Australia,Almond Choco,22-Feb-22,4102,392,Feb
Oby Sorrel,USA,Smooth Sliky Salty,04-Mar-22,3577,158,Mar
Dennison Crosswaite,India,Smooth Sliky Salty,07-Jul-22,2975,9,Jul
Camilla Castle,New Zealand,Caramel Stuffed Bars,17-Jun-22,4137,347,Jun
Jan Morforth,Canada,Caramel Stuffed Bars,02-Aug-22,9541,114,Aug
Oby Sorrel,USA,Baker's Choco Chips,12-Aug-22,8001,120,Aug
Madelene Upcott,New Zealand,Peanut Butter Cubes,28-Jan-22,5152,333,Jan
Kelci Walkden,Australia,Orange Choco,29-Apr-22,11116,432,Apr
Marney O'Breen,Australia,Manuka Honey Choco,05-Apr-22,13076,236,Apr
Kaine Padly,Canada,Manuka Honey Choco,18-Jan-22,10213,135,Jan
Jehu Rudeforth,UK,Baker's Choco Chips,16-May-22,2485,97,May
Kelci Walkden,Australia,White Choc,24-Aug-22,8715,168,Aug
Curtice Advani,India,85% Dark Bars,18-Jan-22,273,402,Jan
Kaine Padly,USA,Eclairs,22-Aug-22,7623,10,Aug
Gunar Cockshoot,UK,99% Dark & Pure,07-Mar-22,7,84,Mar
Beverie Moffet,UK,Choco Coated Almonds,04-Mar-22,3010,69,Mar
Dotty Strutley,Canada,Manuka Honey Choco,22-Apr-22,11550,111,Apr
Kaine Padly,Australia,Milk Bars,09-Jun-22,4046,89,Jun
Jan Morforth,Canada,Fruit & Nut Bars,25-Jul-22,8904,199,Jul
Jan Morforth,India,Smooth Sliky Salty,03-Aug-22,11298,89,Aug
Rafaelita Blaksland,Australia,Manuka Honey Choco,03-Aug-22,4396,131,Aug
Jehu Rudeforth,UK,Milk Bars,03-May-22,12068,227,May
Husein Augar,Canada,After Nines,19-Jan-22,9772,301,Jan
Roddy Speechley,USA,50% Dark Bites,11-Feb-22,10458,316,Feb
Van Tuxwell,India,Almond Choco,14-Jun-22,6426,390,Jun
Kelci Walkden,USA,50% Dark Bites,23-Mar-22,6188,223,Mar
Madelene Upcott,Canada,85% Dark Bars,17-Feb-22,7504,101,Feb
Dennison Crosswaite,Canada,Smooth Sliky Salty,17-Mar-22,1750,479,Mar
Mallorie Waber,Australia,Spicy Special Slims,29-Jun-22,5439,287,Jun
Ches Bonnell,Canada,Choco Coated Almonds,24-Aug-22,15547,269,Aug
Gigi Bohling,Canada,Spicy Special Slims,04-Jul-22,11956,277,Jul
Roddy Speechley,New Zealand,Almond Choco,28-Mar-22,2723,67,Mar
Curtice Advani,India,Smooth Sliky Salty,19-Apr-22,19327,135,Apr
Ches Bonnell,New Zealand,Mint Chip Choco,18-Jan-22,9058,229,Jan
Van Tuxwell,New Zealand,Fruit & Nut Bars,17-Jan-22,2996,88,Jan
Andria Kimpton,New Zealand,Mint Chip Choco,15-Feb-22,8848,211,Feb
Andria Kimpton,UK,Milk Bars,11-Feb-22,14336,293,Feb
Camilla Castle,USA,Manuka Honey Choco,21-Mar-22,16401,179,Mar
Gunar Cockshoot,New Zealand,Almond Choco,05-Jan-22,5173,129,Jan
Brien Boise,India,Raspberry Choco,30-May-22,6328,164,May
Jehu Rudeforth,USA,99% Dark & Pure,04-Jan-22,2534,219,Jan
Beverie Moffet,Australia,Fruit & Nut Bars,22-Apr-22,1435,258,Apr
Gigi Bohling,Canada,Milk Bars,10-Feb-22,3052,116,Feb
Dotty Strutley,India,Spicy Special Slims,12-Aug-22,910,204,Aug
Gunar Cockshoot,USA,Organic Choco Syrup,10-Aug-22,2331,321,Aug
Kelci Walkden,Australia,Raspberry Choco,07-Jun-22,679,56,Jun
Jehu Rudeforth,India,Baker's Choco Chips,06-Jun-22,2086,74,Jun
Karlen McCaffrey,New Zealand,Baker's Choco Chips,05-Apr-22,5012,189,Apr
Wilone O'Kielt,USA,50% Dark Bites,18-Apr-22,4501,131,Apr
Andria Kimpton,India,50% Dark Bites,31-Jan-22,13482,15,Jan
Madelene Upcott,USA,Baker's Choco Chips,22-Aug-22,5621,140,Aug
Jehu Rudeforth,Australia,99% Dark & Pure,25-Feb-22,10486,198,Feb
Jan Morforth,Australia,Mint Chip Choco,22-Feb-22,17626,103,Feb
Oby Sorrel,New Zealand,Milk Bars,12-Jan-22,4494,187,Jan
Brien Boise,UK,Almond Choco,25-May-22,105,125,May
Kelci Walkden,India,Smooth Sliky Salty,01-Feb-22,2464,8,Feb
Rafaelita Blaksland,UK,Eclairs,27-Apr-22,1379,70,Apr
Gigi Bohling,USA,Smooth Sliky Salty,22-Jul-22,2583,126,Jul
Curtice Advani,New Zealand,Mint Chip Choco,26-Jan-22,3220,265,Jan
Curtice Advani,USA,Mint Chip Choco,24-Aug-22,4802,296,Aug
Madelene Upcott,New Zealand,Fruit & Nut Bars,18-Jan-22,5677,21,Jan
Karlen McCaffrey,India,85% Dark Bars,30-Mar-22,945,83,Mar
Ches Bonnell,Australia,Caramel Stuffed Bars,17-Jan-22,8757,162,Jan
Kelci Walkden,USA,Fruit & Nut Bars,17-Feb-22,4816,145,Feb
Kelci Walkden,Canada,Peanut Butter Cubes,08-Apr-22,7532,44,Apr
Gigi Bohling,Canada,Drinking Coco,06-Jul-22,3549,82,Jul
Husein Augar,India,Fruit & Nut Bars,04-Apr-22,4340,226,Apr
Jan Morforth,New Zealand,Organic Choco Syrup,02-Mar-22,1799,207,Mar
Gigi Bohling,New Zealand,Raspberry Choco,09-Aug-22,1127,176,Aug
Dennison Crosswaite,Australia,Milk Bars,09-Jun-22,10038,286,Jun
Ches Bonnell,UK,Caramel Stuffed Bars,02-Jun-22,2926,300,Jun
Van Tuxwell,USA,Fruit & Nut Bars,05-Jul-22,6279,235,Jul
Andria Kimpton,Canada,Eclairs,11-Aug-22,308,125,Aug
Madelene Upcott,India,Choco Coated Almonds,11-Feb-22,3500,145,Feb
Kelci Walkden,New Zealand,Spicy Special Slims,11-Aug-22,658,65,Aug
Roddy Speechley,Australia,Drinking Coco,12-May-22,12565,102,May
Wilone O'Kielt,USA,Milk Bars,15-Jul-22,5012,93,Jul
Andria Kimpton,India,Organic Choco Syrup,18-Jan-22,3955,134,Jan
Madelene Upcott,UK,Fruit & Nut Bars,05-Jan-22,8512,189,Jan
Curtice Advani,Australia,50% Dark Bites,29-Jun-22,504,232,Jun
Brien Boise,Canada,Raspberry Choco,14-Jun-22,2800,45,Jun
Gunar Cockshoot,India,Mint Chip Choco,08-Aug-22,4256,67,Aug
Dennison Crosswaite,India,Mint Chip Choco,23-Mar-22,13573,138,Mar
Barr Faughny,India,Caramel Stuffed Bars,04-Jan-22,6566,99,Jan
Brien Boise,India,Milk Bars,22-Feb-22,13503,251,Feb
Beverie Moffet,UK,Spicy Special Slims,17-Feb-22,8680,252,Feb
Barr Faughny,USA,Almond Choco,03-Feb-22,385,78,Feb
Van Tuxwell,Canada,Raspberry Choco,17-Mar-22,1267,130,Mar
Wilone O'Kielt,Australia,Baker's Choco Chips,25-Jan-22,2961,154,Jan
Brien Boise,Australia,Milk Bars,27-Jul-22,1981,52,Jul
Husein Augar,Australia,Fruit & Nut Bars,28-Jan-22,7959,53,Jan
Madelene Upcott,Australia,Organic Choco Syrup,05-Jul-22,10794,50,Jul
Van Tuxwell,India,White Choc,15-Mar-22,1897,44,Mar
Gunar Cockshoot,Canada,After Nines,04-Aug-22,2744,200,Aug
Jan Morforth,USA,Fruit & Nut Bars,27-Jun-22,4382,361,Jun
Jan Morforth,Canada,After Nines,13-Jul-22,4515,172,Jul
Barr Faughny,New Zealand,Manuka Honey Choco,24-Feb-22,5474,239,Feb
Karlen McCaffrey,New Zealand,85% Dark Bars,28-Jun-22,6069,55,Jun
Oby Sorrel,Australia,85% Dark Bars,30-Jun-22,6944,27,Jun
Curtice Advani,Canada,Choco Coated Almonds,18-Aug-22,5859,7,Aug
Kaine Padly,India,70% Dark Bites,24-Jan-22,12173,301,Jan
Beverie Moffet,USA,White Choc,11-Mar-22,5292,134,Mar
Ches Bonnell,New Zealand,After Nines,23-Jun-22,5705,350,Jun
Husein Augar,India,Spicy Special Slims,22-Aug-22,2492,33,Aug
Gunar Cockshoot,Canada,50% Dark Bites,04-Jan-22,3024,23,Jan
Curtice Advani,India,Milk Bars,05-Apr-22,3437,201,Apr
Beverie Moffet,India,Milk Bars,15-Apr-22,1869,323,Apr
Husein Augar,Australia,White Choc,11-May-22,3171,220,May
Andria Kimpton,Canada,Manuka Honey Choco,21-Jul-22,4858,488,Jul
Jan Morforth,New Zealand,Orange Choco,11-Feb-22,1225,84,Feb
Andria Kimpton,Canada,Smooth Sliky Salty,08-Jul-22,1155,79,Jul
Gunar Cockshoot,UK,Raspberry Choco,11-Aug-22,6811,344,Aug
Husein Augar,New Zealand,After Nines,04-Aug-22,6433,7,Aug
Andria Kimpton,New Zealand,Orange Choco,14-Jun-22,8169,88,Jun
Dennison Crosswaite,UK,Baker's Choco Chips,17-Jan-22,2275,275,Jan
Jehu Rudeforth,Canada,Orange Choco,23-Jun-22,3857,512,Jun
Jehu Rudeforth,UK,Smooth Sliky Salty,24-Aug-22,1463,113,Aug
Andria Kimpton,UK,Caramel Stuffed Bars,07-Jun-22,7924,275,Jun
Jan Morforth,UK,White Choc,22-Jun-22,8799,47,Jun
Dotty Strutley,USA,Fruit & Nut Bars,13-Jul-22,2898,276,Jul
Kelci Walkden,UK,Choco Coated Almonds,24-May-22,9506,212,May
Gunar Cockshoot,New Zealand,After Nines,09-Aug-22,7175,145,Aug
Kaine Padly,Canada,85% Dark Bars,06-Apr-22,1729,31,Apr
Jan Morforth,New Zealand,Manuka Honey Choco,28-Jul-22,1589,271,Jul
Gunar Cockshoot,New Zealand,Raspberry Choco,24-Aug-22,630,52,Aug
Van Tuxwell,Australia,99% Dark & Pure,17-Jan-22,112,128,Jan
Curtice Advani,USA,Drinking Coco,07-Feb-22,5187,142,Feb
Brien Boise,Australia,Spicy Special Slims,09-May-22,6223,256,May
Mallorie Waber,New Zealand,85% Dark Bars,06-Jun-22,7714,106,Jun
Wilone O'Kielt,USA,Choco Coated Almonds,06-Jun-22,9457,6,Jun
Beverie Moffet,New Zealand,Organic Choco Syrup,24-May-22,6678,226,May
Gunar Cockshoot,UK,50% Dark Bites,13-Jan-22,2107,121,Jan
Marney O'Breen,USA,Raspberry Choco,23-May-22,6069,151,May
Jehu Rudeforth,UK,White Choc,29-Jun-22,1862,284,Jun
Jehu Rudeforth,New Zealand,85% Dark Bars,11-Mar-22,6972,89,Mar
Dotty Strutley,USA,85% Dark Bars,25-Apr-22,10220,508,Apr
Rafaelita Blaksland,Australia,Smooth Sliky Salty,30-May-22,3969,243,May
Curtice Advani,India,Manuka Honey Choco,23-May-22,1547,170,May
Mallorie Waber,USA,Peanut Butter Cubes,23-May-22,1162,18,May
Van Tuxwell,Canada,Peanut Butter Cubes,24-Jun-22,6342,282,Jun
Kelci Walkden,New Zealand,Smooth Sliky Salty,11-Mar-22,10633,277,Mar
Rafaelita Blaksland,USA,Smooth Sliky Salty,27-Jul-22,15057,212,Jul
Rafaelita Blaksland,USA,White Choc,16-Aug-22,4704,126,Aug
Roddy Speechley,Canada,Smooth Sliky Salty,07-Mar-22,9338,11,Mar
Curtice Advani,New Zealand,After Nines,05-Apr-22,7959,30,Apr
Camilla Castle,India,85% Dark Bars,04-May-22,9023,51,May
Ches Bonnell,USA,Choco Coated Almonds,04-Jan-22,14525,92,Jan
Marney O'Breen,Australia,Baker's Choco Chips,13-Jan-22,5810,101,Jan
Wilone O'Kielt,New Zealand,Fruit & Nut Bars,11-Jul-22,6426,98,Jul
Kaine Padly,Australia,Mint Chip Choco,17-May-22,4403,159,May
Camilla Castle,New Zealand,Peanut Butter Cubes,21-Jul-22,1582,62,Jul
Curtice Advani,Canada,Organic Choco Syrup,22-Feb-22,791,22,Feb
Jan Morforth,India,99% Dark & Pure,23-May-22,9100,187,May
Rafaelita Blaksland,Canada,Drinking Coco,12-Jul-22,9884,200,Jul
Jan Morforth,UK,Orange Choco,15-Jun-22,3780,201,Jun
Barr Faughny,New Zealand,50% Dark Bites,23-Jun-22,4557,308,Jun
Curtice Advani,Australia,Eclairs,25-Mar-22,5796,55,Mar
Jan Morforth,India,Caramel Stuffed Bars,04-Jul-22,84,153,Jul
Andria Kimpton,UK,White Choc,12-May-22,9037,101,May
Camilla Castle,New Zealand,Raspberry Choco,04-Apr-22,4746,137,Apr
Madelene Upcott,Australia,Orange Choco,15-Apr-22,6713,398,Apr
Roddy Speechley,Canada,Eclairs,08-Mar-22,6237,88,Mar
Karlen McCaffrey,India,White Choc,17-Jan-22,7483,232,Jan
Wilone O'Kielt,India,Mint Chip Choco,22-Aug-22,1309,51,Aug
Andria Kimpton,UK,99% Dark & Pure,25-Jul-22,1155,66,Jul
Marney O'Breen,UK,50% Dark Bites,14-Jun-22,2989,124,Jun
Ches Bonnell,India,Choco Coated Almonds,05-Apr-22,9625,78,Apr
Madelene Upcott,UK,Raspberry Choco,26-Aug-22,7357,341,Aug
Wilone O'Kielt,Australia,50% Dark Bites,03-Aug-22,10031,114,Aug
Gigi Bohling,Canada,White Choc,11-Jul-22,6587,4,Jul
Wilone O'Kielt,New Zealand,Eclairs,11-Mar-22,3311,22,Mar
Brien Boise,UK,Peanut Butter Cubes,10-Jan-22,15330,30,Jan
Roddy Speechley,UK,Baker's Choco Chips,04-Apr-22,14028,351,Apr
Karlen McCaffrey,Australia,50% Dark Bites,17-Jan-22,6678,708,Jan
Marney O'Breen,New Zealand,Organic Choco Syrup,08-Jul-22,8624,50,Jul
Jan Morforth,UK,Organic Choco Syrup,12-Apr-22,1197,356,Apr
Rafaelita Blaksland,Canada,Fruit & Nut Bars,24-Aug-22,483,185,Aug
Ches Bonnell,UK,Choco Coated Almonds,07-Jun-22,1687,236,Jun
Gunar Cockshoot,Canada,Almond Choco,28-Jul-22,1309,30,Jul
Husein Augar,USA,99% Dark & Pure,21-Feb-22,9534,111,Feb
Dennison Crosswaite,Canada,Mint Chip Choco,08-Apr-22,1694,289,Apr
Brien Boise,UK,Manuka Honey Choco,28-Jun-22,70,103,Jun
Van Tuxwell,UK,Baker's Choco Chips,24-Mar-22,2443,20,Mar
Barr Faughny,Australia,Caramel Stuffed Bars,29-Jul-22,2933,55,Jul
Dennison Crosswaite,USA,Eclairs,25-May-22,2044,90,May
Gigi Bohling,Australia,Raspberry Choco,30-Mar-22,6524,303,Mar
Dennison Crosswaite,USA,Organic Choco Syrup,18-Jul-22,12656,126,Jul
Beverie Moffet,Canada,Orange Choco,10-May-22,8722,109,May
Mallorie Waber,Australia,Choco Coated Almonds,18-Mar-22,15750,92,Mar
Ches Bonnell,India,Caramel Stuffed Bars,15-Jun-22,6839,56,Jun
Van Tuxwell,Canada,50% Dark Bites,12-May-22,13685,58,May
Kelci Walkden,New Zealand,Baker's Choco Chips,23-Jun-22,2912,110,Jun
Beverie Moffet,India,Spicy Special Slims,21-Apr-22,3339,171,Apr
Gigi Bohling,Australia,Almond Choco,17-Aug-22,910,117,Aug
Rafaelita Blaksland,New Zealand,Eclairs,07-Feb-22,19481,51,Feb
Kelci Walkden,Canada,Smooth Sliky Salty,17-Mar-22,8099,118,Mar
Jan Morforth,India,Baker's Choco Chips,01-Aug-22,13727,79,Aug
Jehu Rudeforth,Australia,Milk Bars,18-Mar-22,8659,29,Mar
Gigi Bohling,Canada,Fruit & Nut Bars,14-Jun-22,5782,103,Jun
Beverie Moffet,UK,Eclairs,22-Apr-22,8463,155,Apr
Marney O'Breen,New Zealand,Eclairs,18-Jan-22,4914,31,Jan
Husein Augar,Australia,99% Dark & Pure,26-Aug-22,3087,128,Aug
Gunar Cockshoot,New Zealand,Fruit & Nut Bars,10-Jun-22,9205,419,Jun
Curtice Advani,Canada,70% Dark Bites,31-Jan-22,2303,7,Jan
Kelci Walkden,New Zealand,Manuka Honey Choco,08-Apr-22,1358,106,Apr
Dotty Strutley,Australia,Baker's Choco Chips,07-Jun-22,3605,68,Jun
Barr Faughny,Australia,85% Dark Bars,10-Feb-22,8498,44,Feb
Beverie Moffet,Australia,50% Dark Bites,16-May-22,700,457,May
Gunar Cockshoot,India,Baker's Choco Chips,18-Mar-22,2191,524,Mar
Van Tuxwell,Australia,50% Dark Bites,13-Jul-22,644,137,Jul
Oby Sorrel,USA,Manuka Honey Choco,25-Jul-22,4340,86,Jul
Van Tuxwell,Canada,Choco Coated Almonds,19-Aug-22,2282,296,Aug
Karlen McCaffrey,Canada,70% Dark Bites,24-Jun-22,7714,597,Jun
Kelci Walkden,Canada,Fruit & Nut Bars,20-Jun-22,826,149,Jun
Camilla Castle,India,99% Dark & Pure,02-Aug-22,203,207,Aug
Madelene Upcott,New Zealand,70% Dark Bites,22-Feb-22,13356,93,Feb
Mallorie Waber,New Zealand,Orange Choco,01-Feb-22,6510,23,Feb
Jan Morforth,Canada,70% Dark Bites,14-Feb-22,5894,305,Feb
Kelci Walkden,Australia,Milk Bars,24-Feb-22,7910,125,Feb
Dennison Crosswaite,India,Orange Choco,18-Mar-22,784,129,Mar
Husein Augar,UK,Eclairs,30-Aug-22,1750,252,Aug
Gigi Bohling,USA,Peanut Butter Cubes,09-May-22,280,75,May
Wilone O'Kielt,USA,Smooth Sliky Salty,18-Jan-22,504,87,Jan
Curtice Advani,India,White Choc,04-Jul-22,7154,342,Jul
Oby Sorrel,New Zealand,Spicy Special Slims,03-Jun-22,1617,13,Jun
Beverie Moffet,New Zealand,Peanut Butter Cubes,23-Feb-22,10822,30,Feb
Dotty Strutley,New Zealand,99% Dark & Pure,09-May-22,10724,203,May
Kelci Walkden,India,70% Dark Bites,06-Jun-22,3640,106,Jun
Kelci Walkden,India,Drinking Coco,04-Jul-22,7532,234,Jul
Brien Boise,New Zealand,Drinking Coco,06-Jun-22,1582,100,Jun
Dotty Strutley,Australia,Almond Choco,13-May-22,1456,91,May
Wilone O'Kielt,New Zealand,Organic Choco Syrup,31-Jan-22,2016,277,Jan
Ches Bonnell,New Zealand,Caramel Stuffed Bars,30-Jun-22,7588,42,Jun
Barr Faughny,Canada,Manuka Honey Choco,25-Aug-22,3402,249,Aug
Gigi Bohling,New Zealand,Smooth Sliky Salty,10-Jan-22,700,97,Jan
Brien Boise,USA,Manuka Honey Choco,22-Aug-22,1904,8,Aug
Roddy Speechley,New Zealand,85% Dark Bars,14-Apr-22,4844,275,Apr
Oby Sorrel,UK,Smooth Sliky Salty,31-May-22,9625,313,May
Oby Sorrel,UK,Raspberry Choco,08-Apr-22,4599,323,Apr
Roddy Speechley,USA,Drinking Coco,21-Feb-22,3003,155,Feb
Andria Kimpton,Australia,Manuka Honey Choco,30-Mar-22,9744,377,Mar
Mallorie Waber,India,Raspberry Choco,02-Mar-22,1400,2,Mar
Jehu Rudeforth,USA,Orange Choco,28-Jul-22,364,170,Jul
Kaine Padly,New Zealand,70% Dark Bites,24-Mar-22,7231,38,Mar
Curtice Advani,Australia,After Nines,11-Aug-22,63,105,Aug
Husein Augar,UK,Almond Choco,17-May-22,8309,166,May
Kaine Padly,Canada,Choco Coated Almonds,18-May-22,3164,164,May
Roddy Speechley,UK,Peanut Butter Cubes,17-Aug-22,5691,171,Aug
Ches Bonnell,New Zealand,Eclairs,04-Apr-22,490,49,Apr
Brien Boise,India,85% Dark Bars,09-Aug-22,18032,205,Aug
Brien Boise,New Zealand,Organic Choco Syrup,17-Jan-22,637,313,Jan
Andria Kimpton,Canada,White Choc,14-Feb-22,4067,29,Feb
Gigi Bohling,New Zealand,Orange Choco,16-May-22,8204,307,May
Ches Bonnell,Canada,Smooth Sliky Salty,16-Mar-22,9870,121,Mar
Husein Augar,Canada,70% Dark Bites,31-Jan-22,5131,285,Jan
Barr Faughny,Canada,Organic Choco Syrup,10-Mar-22,1141,205,Mar
Oby Sorrel,UK,Organic Choco Syrup,30-Jun-22,7980,157,Jun
Van Tuxwell,New Zealand,Eclairs,01-Mar-22,5229,182,Mar
Mallorie Waber,UK,Drinking Coco,27-May-22,3423,100,May
Oby Sorrel,UK,Milk Bars,11-Jul-22,6468,223,Jul
Karlen McCaffrey,New Zealand,Mint Chip Choco,02-Mar-22,4326,61,Mar
Jehu Rudeforth,USA,Raspberry Choco,04-Mar-22,7154,133,Mar
Kelci Walkden,UK,85% Dark Bars,23-Jun-22,3997,228,Jun
Kelci Walkden,USA,Almond Choco,27-Jan-22,5180,233,Jan
Marney O'Breen,Canada,Orange Choco,14-Jan-22,2723,425,Jan
Dennison Crosswaite,India,Fruit & Nut Bars,29-Jul-22,952,24,Jul
Brien Boise,Canada,Smooth Sliky Salty,13-May-22,5691,495,May
Barr Faughny,Canada,Baker's Choco Chips,03-Feb-22,10969,170,Feb
Brien Boise,India,Smooth Sliky Salty,27-May-22,5964,26,May
Jan Morforth,Australia,Drinking Coco,18-Feb-22,2821,24,Feb
Brien Boise,India,Spicy Special Slims,28-Jan-22,1302,33,Jan
Van Tuxwell,UK,Eclairs,29-Jun-22,5474,109,Jun
Wilone O'Kielt,India,Caramel Stuffed Bars,13-Jan-22,4179,276,Jan
Jehu Rudeforth,UK,After Nines,27-Jun-22,1946,164,Jun
Barr Faughny,Canada,White Choc,29-Mar-22,4291,1,Mar
Gunar Cockshoot,India,Organic Choco Syrup,03-Jun-22,7196,160,Jun
Mallorie Waber,Canada,Smooth Sliky Salty,21-Mar-22,1939,98,Mar
Mallorie Waber,India,Eclairs,12-Apr-22,10437,46,Apr
Rafaelita Blaksland,Australia,Raspberry Choco,19-Jan-22,6916,259,Jan
Karlen McCaffrey,UK,50% Dark Bites,06-Apr-22,3647,310,Apr
Kaine Padly,Australia,50% Dark Bites,02-Aug-22,8995,78,Aug
Gigi Bohling,Australia,Eclairs,12-Apr-22,7252,136,Apr
Oby Sorrel,India,Drinking Coco,21-Jul-22,16380,130,Jul
Van Tuxwell,New Zealand,Baker's Choco Chips,22-Mar-22,9660,24,Mar
Husein Augar,India,Peanut Butter Cubes,09-May-22,4522,5,May
Andria Kimpton,Australia,Baker's Choco Chips,09-Aug-22,329,109,Aug
Madelene Upcott,Canada,Choco Coated Almonds,20-Jul-22,3458,294,Jul
Brien Boise,India,70% Dark Bites,14-Apr-22,4641,413,Apr
Jehu Rudeforth,Canada,White Choc,25-Jan-22,4627,136,Jan
Andria Kimpton,Australia,Almond Choco,25-Apr-22,3192,175,Apr
Dotty Strutley,Canada,After Nines,17-Jan-22,252,237,Jan
Karlen McCaffrey,USA,Eclairs,15-Aug-22,868,125,Aug
Karlen McCaffrey,Canada,Fruit & Nut Bars,02-Jun-22,210,16,Jun
Gunar Cockshoot,USA,85% Dark Bars,30-Jun-22,7007,135,Jun
Dotty Strutley,New Zealand,Raspberry Choco,10-Feb-22,5845,91,Feb
Marney O'Breen,Canada,Caramel Stuffed Bars,23-Feb-22,1372,614,Feb
Dennison Crosswaite,India,Organic Choco Syrup,27-Jan-22,8428,216,Jan
Camilla Castle,UK,Mint Chip Choco,26-May-22,4977,317,May
Brien Boise,USA,70% Dark Bites,14-Apr-22,1694,21,Apr
Madelene Upcott,Australia,99% Dark & Pure,01-Aug-22,4326,154,Aug
Mallorie Waber,Australia,Eclairs,22-Aug-22,9527,222,Aug
Marney O'Breen,India,99% Dark & Pure,22-Jul-22,10766,157,Jul
Husein Augar,USA,Fruit & Nut Bars,28-Apr-22,1288,27,Apr
Kelci Walkden,Australia,Almond Choco,30-May-22,4879,350,May
Ches Bonnell,USA,Milk Bars,21-Jul-22,2408,157,Jul
Jan Morforth,UK,Caramel Stuffed Bars,02-Aug-22,3094,468,Aug
Brien Boise,New Zealand,70% Dark Bites,15-Jun-22,7231,130,Jun
Oby Sorrel,India,85% Dark Bars,05-Jul-22,8981,130,Jul
Kaine Padly,New Zealand,Smooth Sliky Salty,12-Apr-22,7,518,Apr
Gigi Bohling,Australia,70% Dark Bites,18-Aug-22,1372,105,Aug
Jan Morforth,UK,50% Dark Bites,12-Jan-22,5250,293,Jan
Gunar Cockshoot,Canada,White Choc,11-Aug-22,7560,15,Aug
Jehu Rudeforth,Australia,Spicy Special Slims,13-Jan-22,5012,384,Jan
Husein Augar,UK,Baker's Choco Chips,29-Apr-22,3038,135,Apr
Rafaelita Blaksland,New Zealand,After Nines,07-Jul-22,1099,92,Jul
Madelene Upcott,New Zealand,Mint Chip Choco,11-Mar-22,7413,4,Mar
Madelene Upcott,UK,70% Dark Bites,16-Feb-22,5397,239,Feb
Barr Faughny,Australia,Organic Choco Syrup,07-Jan-22,2303,33,Jan
Beverie Moffet,New Zealand,Drinking Coco,12-Jan-22,1141,518,Jan
Beverie Moffet,India,Eclairs,09-Jun-22,10325,147,Jun
Andria Kimpton,India,Eclairs,16-May-22,2149,84,May
Gigi Bohling,UK,85% Dark Bars,23-Jun-22,12362,94,Jun
Roddy Speechley,UK,Raspberry Choco,28-Jan-22,12635,194,Jan
Dotty Strutley,UK,Mint Chip Choco,14-Jul-22,2443,216,Jul
Barr Faughny,Canada,Drinking Coco,18-Apr-22,6237,247,Apr
Oby Sorrel,USA,Milk Bars,14-Jun-22,1736,79,Jun
Oby Sorrel,UK,Orange Choco,15-Apr-22,7315,237,Apr
Curtice Advani,Canada,Peanut Butter Cubes,19-May-22,4935,63,May
Gigi Bohling,India,White Choc,13-Apr-22,1393,172,Apr
Husein Augar,Canada,Choco Coated Almonds,15-Aug-22,3381,408,Aug
Wilone O'Kielt,India,Choco Coated Almonds,22-Aug-22,2933,233,Aug
Wilone O'Kielt,New Zealand,Baker's Choco Chips,22-Apr-22,3836,59,Apr
Kaine Padly,UK,Choco Coated Almonds,03-Aug-22,8022,123,Aug
Dennison Crosswaite,New Zealand,Organic Choco Syrup,04-Jan-22,371,229,Jan
Kelci Walkden,Canada,After Nines,13-Jan-22,16702,198,Jan
Van Tuxwell,Australia,Baker's Choco Chips,11-May-22,13258,32,May
Husein Augar,New Zealand,Peanut Butter Cubes,16-Feb-22,2058,236,Feb
Kaine Padly,UK,Caramel Stuffed Bars,20-May-22,10192,67,May
Jehu Rudeforth,UK,Drinking Coco,03-Feb-22,7140,438,Feb
Beverie Moffet,India,Manuka Honey Choco,06-May-22,9835,167,May
Gunar Cockshoot,UK,Choco Coated Almonds,30-Jun-22,5775,135,Jun
Gunar Cockshoot,UK,Smooth Sliky Salty,22-Mar-22,749,148,Mar
Camilla Castle,Canada,Orange Choco,17-Feb-22,7770,54,Feb
Jehu Rudeforth,UK,85% Dark Bars,07-Jul-22,5502,64,Jul
Oby Sorrel,UK,70% Dark Bites,16-Mar-22,6223,181,Mar
Kelci Walkden,UK,99% Dark & Pure,12-Aug-22,3507,114,Aug
Gigi Bohling,New Zealand,After Nines,21-Jan-22,5600,181,Jan
Oby Sorrel,Australia,50% Dark Bites,06-May-22,721,151,May
Oby Sorrel,Canada,50% Dark Bites,24-Jun-22,6615,137,Jun
Barr Faughny,USA,White Choc,05-May-22,7420,163,May
Rafaelita Blaksland,New Zealand,99% Dark & Pure,25-Mar-22,3164,84,Mar
Curtice Advani,Australia,Caramel Stuffed Bars,14-Feb-22,9114,140,Feb
Curtice Advani,New Zealand,85% Dark Bars,12-May-22,5404,187,May
Barr Faughny,New Zealand,Smooth Sliky Salty,25-Jan-22,3990,169,Jan
Ches Bonnell,UK,85% Dark Bars,28-Jun-22,14924,12,Jun
Dennison Crosswaite,Australia,Drinking Coco,13-Jul-22,7091,194,Jul
Roddy Speechley,USA,Milk Bars,16-May-22,2807,252,May
Jan Morforth,India,After Nines,14-Mar-22,6496,168,Mar
Gunar Cockshoot,USA,After Nines,15-Aug-22,3738,261,Aug
Ches Bonnell,India,Orange Choco,16-Feb-22,1190,256,Feb
Mallorie Waber,UK,Manuka Honey Choco,15-Jun-22,8379,43,Jun
Barr Faughny,Australia,Raspberry Choco,27-May-22,9268,100,May
Wilone O'Kielt,USA,Drinking Coco,14-Jun-22,1029,98,Jun
Wilone O'Kielt,India,Eclairs,25-Feb-22,3549,76,Feb
Wilone O'Kielt,India,After Nines,04-Aug-22,12026,262,Aug
Kelci Walkden,India,99% Dark & Pure,28-Jun-22,2303,244,Jun
Gunar Cockshoot,Canada,Spicy Special Slims,05-Apr-22,13405,12,Apr
Madelene Upcott,Canada,Peanut Butter Cubes,05-Jul-22,14763,113,Jul
Kaine Padly,New Zealand,Eclairs,20-Jan-22,12894,48,Jan
Ches Bonnell,New Zealand,Drinking Coco,16-Feb-22,8302,131,Feb
Curtice Advani,UK,Drinking Coco,12-Jul-22,455,174,Jul
Kelci Walkden,India,Raspberry Choco,16-Jun-22,8183,254,Jun
Dotty Strutley,Australia,Choco Coated Almonds,13-Apr-22,1645,284,Apr
Kaine Padly,UK,50% Dark Bites,21-Feb-22,3143,67,Feb
Roddy Speechley,Canada,Choco Coated Almonds,11-May-22,5873,249,May
Ches Bonnell,India,50% Dark Bites,15-Apr-22,11298,313,Apr
Oby Sorrel,Canada,Peanut Butter Cubes,07-Jun-22,12425,167,Jun
Oby Sorrel,UK,White Choc,27-Jun-22,1715,286,Jun
Barr Faughny,India,After Nines,29-Jul-22,8190,109,Jul
Wilone O'Kielt,Canada,Smooth Sliky Salty,02-Jun-22,4991,166,Jun
Rafaelita Blaksland,India,Mint Chip Choco,26-Jan-22,15491,85,Jan
Rafaelita Blaksland,Canada,99% Dark & Pure,02-Mar-22,5096,142,Mar
Van Tuxwell,Australia,70% Dark Bites,10-Jan-22,7063,104,Jan
Beverie Moffet,USA,70% Dark Bites,27-Jun-22,2275,115,Jun
Barr Faughny,Canada,Orange Choco,30-Jun-22,7602,18,Jun
Roddy Speechley,Australia,85% Dark Bars,08-Jul-22,4200,80,Jul
Oby Sorrel,India,Spicy Special Slims,08-Jun-22,11137,88,Jun
Jan Morforth,UK,Manuka Honey Choco,18-Aug-22,3388,212,Aug
Kaine Padly,Australia,After Nines,08-Apr-22,6832,306,Apr
Wilone O'Kielt,Canada,Fruit & Nut Bars,08-Aug-22,3437,181,Aug
Wilone O'Kielt,UK,Milk Bars,26-Aug-22,301,65,Aug
Oby Sorrel,Canada,Fruit & Nut Bars,14-Jan-22,1869,158,Jan
Dennison Crosswaite,USA,Baker's Choco Chips,11-Aug-22,17465,271,Aug
Madelene Upcott,USA,Almond Choco,31-May-22,10143,24,May
Van Tuxwell,New Zealand,50% Dark Bites,11-Jul-22,3626,10,Jul
Karlen McCaffrey,Canada,Caramel Stuffed Bars,02-Mar-22,3346,304,Mar
Madelene Upcott,Australia,Raspberry Choco,13-Jul-22,6321,88,Jul
Rafaelita Blaksland,UK,Spicy Special Slims,03-Aug-22,9345,133,Aug
Curtice Advani,UK,Peanut Butter Cubes,01-Mar-22,15008,165,Mar
Kelci Walkden,New Zealand,White Choc,13-Apr-22,7609,150,Apr
Beverie Moffet,Canada,Fruit & Nut Bars,14-Feb-22,10332,180,Feb
Mallorie Waber,India,White Choc,26-Jul-22,819,213,Jul
Brien Boise,UK,Drinking Coco,27-Jan-22,5754,133,Jan
Jehu Rudeforth,India,Peanut Butter Cubes,14-Apr-22,28,446,Apr
Oby Sorrel,USA,Almond Choco,19-May-22,6440,141,May
Husein Augar,India,Eclairs,09-Feb-22,4956,58,Feb
Brien Boise,UK,Spicy Special Slims,25-May-22,2352,58,May
Oby Sorrel,Australia,Manuka Honey Choco,26-Jan-22,3906,76,Jan
Beverie Moffet,India,White Choc,04-Jul-22,1813,296,Jul
Ches Bonnell,India,Almond Choco,13-Apr-22,11788,73,Apr
Gigi Bohling,Australia,Smooth Sliky Salty,25-Jan-22,5768,119,Jan
Camilla Castle,USA,85% Dark Bars,25-Apr-22,2401,78,Apr
Camilla Castle,USA,Eclairs,10-Jun-22,4515,392,Jun
Madelene Upcott,New Zealand,White Choc,22-Aug-22,10794,51,Aug
Van Tuxwell,India,After Nines,27-Jun-22,13706,207,Jun
Husein Augar,India,Orange Choco,30-Jun-22,4361,40,Jun
Jehu Rudeforth,India,Almond Choco,30-Aug-22,10122,100,Aug
Karlen McCaffrey,Australia,Raspberry Choco,23-Aug-22,994,57,Aug
Camilla Castle,New Zealand,99% Dark & Pure,26-Aug-22,2268,42,Aug
Gigi Bohling,Australia,Orange Choco,09-Mar-22,574,156,Mar
Kelci Walkden,UK,Drinking Coco,20-Apr-22,1792,23,Apr
Mallorie Waber,Canada,Caramel Stuffed Bars,10-Jun-22,4844,539,Jun
Husein Augar,Australia,Organic Choco Syrup,08-Feb-22,938,158,Feb
Brien Boise,Australia,White Choc,25-Aug-22,4879,22,Aug
Dotty Strutley,India,Peanut Butter Cubes,16-Feb-22,9107,73,Feb
Dennison Crosswaite,UK,99% Dark & Pure,30-May-22,12187,27,May
Gigi Bohling,New Zealand,50% Dark Bites,29-Jun-22,5670,64,Jun
Gigi Bohling,USA,Milk Bars,16-Jun-22,476,133,Jun
Brien Boise,UK,Caramel Stuffed Bars,04-Mar-22,2681,149,Mar
Curtice Advani,New Zealand,Peanut Butter Cubes,15-Mar-22,1533,434,Mar
Curtice Advani,New Zealand,50% Dark Bites,27-Jan-22,9765,85,Jan
Beverie Moffet,Canada,Drinking Coco,05-Jul-22,994,118,Jul
Barr Faughny,USA,Caramel Stuffed Bars,29-Mar-22,3318,299,Mar
Mallorie Waber,Canada,Almond Choco,12-May-22,4214,35,May
Oby Sorrel,USA,Drinking Coco,11-Mar-22,7714,44,Mar
Brien Boise,New Zealand,Eclairs,11-Jul-22,4690,299,Jul
Gunar Cockshoot,New Zealand,Choco Coated Almonds,01-Aug-22,13062,62,Aug
Gunar Cockshoot,UK,Spicy Special Slims,16-Feb-22,12488,200,Feb
Curtice Advani,USA,After Nines,13-Apr-22,14147,235,Apr
Oby Sorrel,India,Choco Coated Almonds,14-Feb-22,49,363,Feb
Ches Bonnell,Australia,Peanut Butter Cubes,14-Mar-22,10199,68,Mar
Oby Sorrel,Australia,Spicy Special Slims,26-Apr-22,11389,26,Apr
Jehu Rudeforth,Canada,Manuka Honey Choco,05-Apr-22,3584,200,Apr
Camilla Castle,Canada,Drinking Coco,03-Mar-22,12481,264,Mar
Kaine Padly,USA,Spicy Special Slims,13-Jun-22,2107,175,Jun
Marney O'Breen,New Zealand,70% Dark Bites,14-Feb-22,8603,352,Feb
Roddy Speechley,New Zealand,99% Dark & Pure,18-Apr-22,7483,183,Apr
Oby Sorrel,New Zealand,85% Dark Bars,01-Feb-22,3381,417,Feb
Dotty Strutley,New Zealand,Orange Choco,04-Aug-22,2030,146,Aug
Andria Kimpton,New Zealand,Almond Choco,05-Apr-22,6559,158,Apr
Karlen McCaffrey,Australia,99% Dark & Pure,26-Jan-22,10822,168,Jan
Kaine Padly,UK,After Nines,21-Jan-22,18697,176,Jan
Kaine Padly,Canada,After Nines,22-Aug-22,5845,172,Aug
Kaine Padly,UK,Drinking Coco,27-Jan-22,2317,224,Jan
Rafaelita Blaksland,UK,50% Dark Bites,16-Feb-22,10150,68,Feb
Dotty Strutley,USA,Raspberry Choco,03-Jan-22,3437,46,Jan
Karlen McCaffrey,USA,White Choc,24-Aug-22,4592,2,Aug
Oby Sorrel,USA,Spicy Special Slims,07-Feb-22,5691,417,Feb
Mallorie Waber,Australia,Smooth Sliky Salty,11-Feb-22,4158,109,Feb
Kaine Padly,Canada,Organic Choco Syrup,29-Mar-22,5684,81,Mar
Marney O'Breen,USA,Peanut Butter Cubes,15-Jun-22,693,350,Jun
Dennison Crosswaite,UK,Smooth Sliky Salty,26-Apr-22,546,142,Apr
Brien Boise,Australia,Organic Choco Syrup,15-Jul-22,4263,264,Jul
Beverie Moffet,India,Organic Choco Syrup,23-Jun-22,1036,20,Jun
Dennison Crosswaite,Australia,Baker's Choco Chips,11-Jan-22,13846,421,Jan
Beverie Moffet,UK,50% Dark Bites,09-Feb-22,2499,271,Feb
Van Tuxwell,UK,Almond Choco,06-Jun-22,10689,204,Jun
Dotty Strutley,UK,Caramel Stuffed Bars,10-Aug-22,5768,235,Aug
Wilone O'Kielt,Australia,Smooth Sliky Salty,04-Jan-22,2226,46,Jan
Andria Kimpton,Canada,70% Dark Bites,08-Apr-22,10262,15,Apr
Barr Faughny,UK,Milk Bars,02-Mar-22,3864,430,Mar
Van Tuxwell,Canada,Drinking Coco,15-Jun-22,4900,709,Jun
Jehu Rudeforth,Australia,After Nines,14-Feb-22,5250,47,Feb
Husein Augar,UK,After Nines,05-Jul-22,3507,380,Jul
Barr Faughny,India,Mint Chip Choco,12-Jan-22,7413,465,Jan
Curtice Advani,India,Mint Chip Choco,03-Mar-22,8155,96,Mar
Jehu Rudeforth,New Zealand,Milk Bars,18-May-22,2478,188,May
Gunar Cockshoot,India,Caramel Stuffed Bars,28-Jul-22,2471,202,Jul
Curtice Advani,UK,Manuka Honey Choco,07-Feb-22,1666,106,Feb
Andria Kimpton,India,Orange Choco,30-May-22,301,421,May
Mallorie Waber,Australia,Raspberry Choco,25-Apr-22,8400,27,Apr
Beverie Moffet,Canada,85% Dark Bars,16-Feb-22,6139,45,Feb
Kelci Walkden,Australia,Drinking Coco,04-May-22,1288,60,May
Van Tuxwell,Canada,70% Dark Bites,02-Jun-22,7077,77,Jun
Dennison Crosswaite,USA,Caramel Stuffed Bars,11-Jul-22,2317,464,Jul
Beverie Moffet,New Zealand,Spicy Special Slims,07-Jun-22,63,60,Jun
Jan Morforth,UK,Almond Choco,06-Jul-22,9744,157,Jul
Husein Augar,India,Raspberry Choco,15-Jun-22,9954,154,Jun
Dotty Strutley,India,Mint Chip Choco,14-Apr-22,1260,239,Apr
Camilla Castle,India,Drinking Coco,08-Aug-22,469,163,Aug
Marney O'Breen,UK,Drinking Coco,29-Mar-22,973,28,Mar
Roddy Speechley,Australia,Organic Choco Syrup,04-Jul-22,3647,76,Jul
Ches Bonnell,India,99% Dark & Pure,16-Feb-22,455,96,Feb
Rafaelita Blaksland,Canada,Spicy Special Slims,02-May-22,2520,156,May
Van Tuxwell,India,Eclairs,21-Jul-22,10500,106,Jul
Gunar Cockshoot,Australia,99% Dark & Pure,18-Aug-22,7952,235,Aug
Kaine Padly,USA,85% Dark Bars,22-Jun-22,483,259,Jun
Camilla Castle,UK,Peanut Butter Cubes,19-Jul-22,4872,126,Jul
Madelene Upcott,UK,Peanut Butter Cubes,12-Aug-22,7756,85,Aug
Madelene Upcott,USA,Choco Coated Almonds,07-Jun-22,5446,132,Jun
Marney O'Breen,Canada,Peanut Butter Cubes,08-Mar-22,6594,91,Mar
Ches Bonnell,Australia,Choco Coated Almonds,08-Apr-22,1470,167,Apr
Curtice Advani,Canada,Eclairs,06-May-22,721,203,May
Roddy Speechley,India,Drinking Coco,31-May-22,4494,11,May
Van Tuxwell,Australia,Mint Chip Choco,13-Jan-22,2674,295,Jan
Dennison Crosswaite,USA,70% Dark Bites,15-Mar-22,658,77,Mar
Andria Kimpton,Canada,Peanut Butter Cubes,16-Feb-22,1127,319,Feb
Gigi Bohling,USA,70% Dark Bites,14-Jan-22,7364,196,Jan
Rafaelita Blaksland,Australia,White Choc,21-Mar-22,6818,102,Mar
Roddy Speechley,Canada,Drinking Coco,17-May-22,6776,312,May
Camilla Castle,New Zealand,85% Dark Bars,08-Aug-22,15099,55,Aug
Madelene Upcott,Canada,Milk Bars,26-Apr-22,3612,82,Apr
Madelene Upcott,Australia,70% Dark Bites,15-Apr-22,3710,260,Apr
Oby Sorrel,Canada,Eclairs,19-May-22,6111,591,May
Dennison Crosswaite,Canada,Drinking Coco,10-Jan-22,2702,24,Jan
Mallorie Waber,New Zealand,After Nines,04-May-22,483,228,May
Roddy Speechley,Canada,White Choc,05-Apr-22,5887,268,Apr
Andria Kimpton,India,After Nines,17-Jan-22,952,68,Jan
Roddy Speechley,India,Spicy Special Slims,22-Mar-22,10647,173,Mar
Dotty Strutley,Australia,White Choc,05-Jul-22,6055,93,Jul
Oby Sorrel,Canada,Orange Choco,27-Apr-22,8757,338,Apr
Kaine Padly,Canada,Almond Choco,12-Aug-22,6055,73,Aug
Jan Morforth,UK,Baker's Choco Chips,11-Mar-22,721,251,Mar
Jehu Rudeforth,UK,Fruit & Nut Bars,13-May-22,8589,229,May
Dennison Crosswaite,USA,Smooth Sliky Salty,12-May-22,11781,91,May
Brien Boise,USA,Raspberry Choco,12-Jan-22,672,194,Jan
Madelene Upcott,New Zealand,Milk Bars,29-Mar-22,12558,403,Mar
Roddy Speechley,India,50% Dark Bites,14-Mar-22,8337,12,Mar
Barr Faughny,New Zealand,99% Dark & Pure,24-May-22,8134,195,May
Dennison Crosswaite,Canada,Organic Choco Syrup,28-Jan-22,8491,75,Jan
Beverie Moffet,India,Almond Choco,24-May-22,3066,96,May
Brien Boise,Australia,Peanut Butter Cubes,19-Aug-22,301,205,Aug
Karlen McCaffrey,Australia,Spicy Special Slims,17-May-22,4410,323,May
Jehu Rudeforth,USA,White Choc,07-Jun-22,6559,119,Jun
Ches Bonnell,Canada,Organic Choco Syrup,26-Jul-22,574,217,Jul
Dotty Strutley,India,Eclairs,28-Jul-22,2086,384,Jul
Karlen McCaffrey,India,70% Dark Bites,23-May-22,5075,344,May
